title,paper,authors,year,model name,model class,parametrization,multiple losses,multi-task learning,architecture,left-truncation,interval-censoring,CR,MSM,RE,TVF,TVE,high dimensionality,multimodality,interpretability,code,datasets,min dataset size,simulation,active learning,semi-supervised learning,PASS,comments,scribbles
Deep learning based feature-level integration of multi-omics data for breast cancer patients survival analysis,https://bmcmedinformdecismak.biomedcentral.com/articles/10.1186/s12911-020-01225-8,L. Tong et al.,2020,ConcatAE/CrossAE,Cox-based,hazard rate,yes,???,AE,no,no,no,no,no,no,no,yes,yes,no,https://github.com/tongli1210/BreastCancerSurvivalIntegration,TCGA (BRCA),1060,no,no,no,PASS,,
CapSurv: Capsule Network for Survival Analysis With Whole Slide Pathological Images,https://ieeexplore.ieee.org/document/8651474,B. Tang et al.,2019,CapSurv,Cox-based,hazard rate,yes,???,CapsNet,no,no,no,no,no,no,no,no,yes,no,no,"TCGA (GBM, LUSC)",98 (LUSC),no,no,no,PASS,,"Cox loss + margin loss + reconstruction loss
hazard rate parametrization via Cox loss, maybe sth else?
(images only, no inclusion of clinical/tabular data!)
implementation (unofficial, not by authors): https://github.com/Tombaugh/CapSurv"
A convolutional neural network model for survival prediction based on prognosis-related cascaded Wx feature selection,https://www.nature.com/articles/s41374-022-00801-y,Q. Yin et al.,2022,CNN-Cox,Cox-based,hazard rate,no,no,CNN,no,no,no,no,no,no,no,yes,no,no,https://github.com/wangwangCCChen/CNN-Cox,TCGA (pan-cancer datasets),10535,no,no,no,PASS,,
CNN-based survival model for pancreatic ductal adenocarcinoma in medical imaging,https://bmcmedimaging.biomedcentral.com/articles/10.1186/s12880-020-0418-1,Y. Zhang et al.,2020,CNN-Survival,discrete-time,discrete hazard,no,no,CNN,no,no,no,no,no,no,no,yes,yes,no,no,Lung1 (TCIA),520,no,no,no,PASS,,"(negative log likelihood loss)
(images only, no inclusion of clinical/tabular data!)"
Deep convolutional neural network for survival analysis with pathological images,https://ieeexplore.ieee.org/document/7822579,X. Zhu et al.,2016,DeepConvSurv,Cox-based,hazard rate,no,,CNN,no,no,no,no,no,no,no,no,yes,no,no,NLST,404,no,no,no,PASS,,"cluster-level extension: WSISA
(modified Cox loss)"
Deep learning for survival analysis in breast cancer with whole slide image data,https://doi.org/10.1093/bioinformatics/btac381,H. Liu and T. Kurc,2022,Liu2022,discrete-time,discrete hazard,no,,CNN,no,no,no,no,no,no,no,no,yes,no,https://github.com/SBU-BMI/deep_survival_analysis,TCGA (BRCA),978,no,no,no,NO PASS,,"same architecture as in Wulczyn et al. 2020
MobileNet V2"
PAGE-Net: Interpretable and Integrative Deep Learning for Survival Analysis Using Histopathological Images and Genomic Data,https://doi.org/10.1142/9789811215636_0032,Hao et al.,2020,PAGE-Net,Cox-based,hazard rate,no,,CNN,no,no,no,no,no,no,no,yes,yes,biological interpretation of architecture,https://github.com/DataX-JieHao/PAGE-Net,"TCGA, TCIA (GBM gene expression data)",447 (combined),no,no,no,PASS,,
SurvCNN: A Discrete Time-to-Event Cancer Survival Estimation Framework Using Image Representations of Omics Data,https://www.mdpi.com/2072-6694/13/13/3106,Y. Kalakoti et al.,2021,SurvCNN,discrete-time,discrete hazard,no,no,CNN,no,no,no,no,no,no,no,yes,no,no,https://github.com/TeamSundar/SurvCNN,TCGA,446,no,no,no,PASS,,"(negative log likelihood loss)
creating image representation of omics data, additionally to clinical data -> no multimodality"
Deep learning-based survival prediction for multiple cancer types using histopathology images,https://journals.plos.org/plosone/article?id=10.1371/journal.pone.0233678,E. Wulczyn et al.,2020,Wul2020,discrete-time,discrete hazard,no,,CNN,no,no,no,no,no,no,no,no,yes,no,no,"TCGA (BLCA, BRCA, COAD, HNSC, KIRC, LIHC, LUAD, OV, STAD)
",333 (LIHC),no,no,no,NO PASS,,
Mixture cure rate models with neural network estimated nonparametric components,https://link.springer.com/article/10.1007/s00180-021-01086-3,Y. Xie and Z. Yu,2021,Xie2021,Cox-based,hazard rate,no,no,CNN,no,no,no,no,no,no,no,no,yes,classical,no,OASIS-3,352,yes,no,no,PASS,,"cure rate model where a NN is ""mereley"" used to estimate the cure probability; survival prediction itself (given non-cured) is performed by a standard Cox PH model; model optimization via EM"
Image-Based Survival Prediction for Lung Cancer Patients Using CNNS,https://ieeexplore.ieee.org/document/8759499,C. Haarburger et al.,2019,Haa2019,Cox-based,hazard rate,no,no,CNN  ,no,no,no,no,no,no,no,yes,yes,no,no,Lung1 (TCIA),232,no,no,no,PASS,,"2 approaches: 1) direct hazard prediction; 2) only CNN-based feature extraction (working better); in this sheet, focus on approach 1) b/c approach 2) fails exclusion criteria
Cox-loss for Cox hazard prediction; for median survival classification: binary cross-entropy loss (classification based on whether t > T_{0.5})
radiomics"
Deep Integrative Analysis for Survival Prediction,https://doi.org/10.1142/9789813235533_0032,C. Huang et al.,2018,Hua2018,smoothed C-index loss,person-specific risk,no,no,CNN + correlational layer,no,no,no,no,no,no,no,no,yes,no,no,"TCGA (GBM, LUSC)",106 (LUSC),no,no,no,PASS,,They use a smoothed version of C-index (Eq. (6)) as loss function. Der Output des NN (vektor O) wird direkt in den Loss eingesetzt als Größe die das Risiko einer Person repräsentiert.
DAFT: A universal module to interweave tabular data and 3D images in CNNs,https://www.sciencedirect.com/science/article/pii/S1053811922006218,T. Wolf et al.,2022,DAFT,Cox-based,hazard rate,no,no,CNN + DAFT,no,no,no,no,no,no,no,no,yes,no,https://github.com/ai-med/DAFT,"ADNI, AIBL",2749 (combined),no,no,no,PASS,,CNN: ResNet
Extreme learning machine Cox model for high-dimensionalsurvival analysis,https://doi.org/10.1002/sim.8090,H. Wang et al.,2019,ELMCoxBAR,Cox-based,hazard rate,no,no,ELM,no,no,no,no,no,no,no,no,no,no,https://github.com/whcsu/ELMCoxBAR,"DrAsGiven, EMTAB386, GSE14764, GSE32062, GSE49997, LungBeer, METABRIC, NSBCD, TCGAmirna",,yes,no,no,PASS,,
Survival Analysis with High-Dimensional Omics Data Using a Threshold Gradient Descent Regularization-Based Neural Network Approach,https://www.mdpi.com/2073-4425/13/9/1674,Y. Fanet al.,2022,CNT,Cox-based,hazard rate,no,no,FFNN,no,no,no,no,no,no,no,yes,no,no,https://github.com/shuanggema/CNTsurv,"HGSOC, TCGA",1093 (TCGA),yes,no,no,PASS,,
Cox-nnet: An artificial neural network method for prognosis prediction of high-throughput omics data,https://journals.plos.org/ploscompbiol/article?id=10.1371/journal.pcbi.1006076,T. Ching et al.,2018,Cox-nnet,Cox-based,hazard rate,no,,FFNN,no,no,no,no,no,no,no,yes,no,biological interpretation of architecture,https://github.com/lanagarmire/cox-nnet,TCGA (pan-cancer datasets),5031,yes,no,no,PASS,,
Cox-PASNet: Pathway-based Sparse Deep Neural Network for Survival Analysis,https://ieeexplore.ieee.org/document/8621345,J. Hao et al.,2018,Cox-PASNet,Cox-based,hazard rate,no,,FFNN,no,no,no,no,no,no,no,yes,no,biological interpretation of architecture,https://github.com/DataX-JieHao/Cox-PASNet,"TCGA (GBM, OV)",522 (GBM),no,no,no,PASS,,
Time-to-Event Prediction with Neural Networks and Cox Regression,https://www.jmlr.org/papers/volume20/18-424/18-424.pdf?ref=https://githubhelp.com,H. Kvamme et al.,2019,Cox-Time,Cox-based,hazard rate,no,,FFNN,no,no,no,no,no,no,yes,no,no,no,"https://github.com/havakv/pycox, https://github.com/RaphaelS1/survivalmodels","FLCHAIN, KKBox churn, METABRIC, RGBSG, SUPPORT",1904 (METABRIC),yes,no,no,PASS,,
DeepOmix: A scalable and interpretable multi-omics deep learning framework and application in cancer survival analysis,https://www.sciencedirect.com/science/article/pii/S2001037021001793,L. Zhao et al.,2021,DeepOmix,Cox-based,hazard rate,no,,FFNN,no,no,no,no,no,no,no,yes,no,biological interpretation of architecture,https://github.com/CancerProfiling/DeepOmix,"TCGA (BLCA, BRCA, HNSC, KIRC, LGG, LUAD, OV, STAD)
",241 (KIRC),no,no,no,PASS,,
DeepSurv: personalized treatment recommender system using a Cox proportional hazards deep neural network,https://bmcmedresmethodol.biomedcentral.com/articles/10.1186/s12874-018-0482-1,J. Katzman et al.,2018,DeepSurv,Cox-based,hazard rate,no,,FFNN,no,no,no,no,no,no,no,no,no,no,"https://github.com/jaredleekatzman/DeepSurv, https://github.com/havakv/pycox, https://github.com/RaphaelS1/survivalmodels, https://autonlab.org/auton-survival, https://square.github.io/pysurvival","METABRIC, RGBSG, SUPPORT, WHAS",1638 (WHAS),yes,no,no,PASS,,
Estimation of Conditional Mixture Weibull Distribution with Right Censored Data Using Neural Network for Time-to-Event Analysis,https://link.springer.com/chapter/10.1007/978-3-030-47426-3_53,A. Bennis et al.,2017,DeepWeiSurv,parametric,(mixture) Weibull Loss,no,yes,FFNN,no,no,no,no,no,no,no,no,no,no,no,"METABRIC, SEER breast cancer dataset",1981 (METABRIC),no,no,no,PASS,,"loss based on log-likelihood of mixture of Weibull distributions
one loss for events, one for censored observations, added together (not multiple distinct losses)"
Genome-wide association study-based deep learning for survival prediction,https://doi.org/10.1002/sim.8743,T. Sun,2020,DNNSurv_Sun2020,Cox-based,hazard rate,no,,FFNN,no,no,no,no,no,no,no,yes,no,LIME,https://github.com/yingding99/DNNSurv,AREDS,7803,yes,no,no,PASS,,high dimensionality of AMD GWAS data
DNNSurv: Deep Neural Networks for Survival Analysis Using Pseudo Values,https://arxiv.org/abs/1908.02337,L. Zhao et al.,2019,DNNSurv_Zha2019,discrete-time,,no,,FFNN,no,no,no,no,no,no,no,no,no,no,"https://github.com/lilizhaoUM/DNNSurv, https://github.com/RaphaelS1/survivalmodels","CHS, MESA",5380 (CHS),yes,no,no,PASS,,"discrete- or interval-based computation of pseudo cond. prob., then SSE loss for regression task w/ DL
Survival based on Pseudo values ist aber auch nochmal eine eigene semi-etablierte Methode im Survival Kontext
pseudeo values = difference between S(t) and S(t) estimated without i-th subject. Then this is considered outcome for standard regression analysis. This is done for each subject for multiple time-points (regular grid). Discrte time wird hier insofern verwendet, um die pseudeo values zu berechnen. Konkrete Parametrisierung des Pseudo-value models wird nicht wirkl. beschrieben."
Group Lasso Regularized Deep Learning for Cancer Prognosis from Multi-Omics and Clinical Features,https://www.mdpi.com/2073-4425/10/3/240,G. Xie et al.,2019,GDP,Cox-based,hazard rate,no,no,FFNN,no,no,no,no,no,no,no,yes,no,no,https://github.com/WGLab/GDP,"TCGA (BLCA, ESCA, GBM, HNSC, KIRC, LAML, LIHC, LUAD, LUSC, OV, PAAD, SARC, SKCM, STAD)",270 (LAML),yes,no,no,PASS,,
IDNetwork: A deep Illness-Death Network based on multi-state event history process for versatile disease prognostication,https://doi.org/10.1002/sim.9310,A. Cottin et al.,2022,IDNetwork,PEM-based,,no,??? (no; though multiple output layers),FFNN,no,no,yes,yes,no,no,no,no,no,no,no,"METABRIC, NCT00079274, NCT00275210",1122 (NCT00275210),yes,no,no,PASS,,"Also sie nehmen auf jeden Fall PC hazards an und zitieren die PEM literatur. Machen dann am Ende aber doch ncht wirkl. hazard modellierung.
 Es gibt noch ein Statistics in Medicine Paper von denen. Das ist vermutlich notationell sauberer: https://onlinelibrary.wiley.com/doi/full/10.1002/sim.9310?casa_token=NLWvTpO-oUUAAAAA%3AoRPdzpRSgoBs9LLtNn5
Ok, da sagen sie explizit, ""Instead of considering the transition intensities, we will write the log-likelihood in terms of transition probabilities f ∗ ql (.|X ),"" also diese ""Pseudo-Dichten"" im CR case und das integral davon die CIF Die schreiben die Likelihood dann in Abh. von den pseudo-dichten und nutzen diese Likelihood als Loss; pseudo-density = h_e(t) * S(t)
Output sind dann die stückweise konstanten Pseudo-Dichten
parametrization not explicitly stated"
A Multi-constraint Deep Semi-supervised Learning Method for Ovarian Cancer Prognosis Prediction,https://link.springer.com/chapter/10.1007/978-3-031-09726-3_20,H. Chai et al.,2022,MCAP,Cox-based,hazard rate,yes,yes,FFNN,no,no,no,no,no,no,no,yes,no,no,no,"GSE17260, GSE26193, GSE26712, GSE32062, GSE53963, GSE63885, TCGA-OV",141 (GSE63885),no,no,semi-supervised,PASS,,
Deep Neural Networks for Survival Analysis Based on a Multi-Task Framework,https://arxiv.org/abs/1801.05512,S. Fotso,2018,N-MTLR,discrete-time,parameters of logistic regression,not described,yes,FFNN,no,no,no,no,no,no,no,no,no,no,https://square.github.io/pysurvival,"veteran, WHAS",137 (veteran),yes,no,no,PASS,,"discretization + classification (+ intelligentes kombinieren der prediktierten Wskten)
Loss kann dann im Endeffekt iwas sein, was für binary outcome geignet ist.
(logistic regression based)
no repo link in paper, but implemented in pySurvival Python package (not linked in paper)
check implementation for loss function"
Deep survival algorithm based on nuclear norm,https://www.tandfonline.com/doi/abs/10.1080/00949655.2021.2015770,J. Tong and X. Zhao,2022,NN-DeepSurv,Cox-based,hazard rate,no,no,FFNN,no,no,no,no,no,no,no,no,no,no,no,"METABRIC, MIMIC III, MLC, RGBSG, SUPPORT, WHAS",228 (MLC),yes,no,no,PASS,,NN architecture is not explicitly stated; presumably FFNN since based on DeepSurv
Continuous and Discrete-Time Survival Prediction with Neural Networks,https://link.springer.com/article/10.1007/s10985-021-09532-6,H. Kvamme and Ø. Borgan ,2021,PC-Hazard,PEM-based,hazard rate,no,,FFNN,no,no,no,no,no,no,no,no,no,no,"https://github.com/havakv/pycox, https://github.com/RaphaelS1/survivalmodels","FLCHAIN, METABRIC, NWTCO, RGBSG, SUPPORT",1904 (METABRIC),yes,no,no,PASS,,
A meta-learning approach for genomic survival analysis,https://www.nature.com/articles/s41467-020-20167-3,Y. Qiu et al.,2020,Qiu2020,Cox-based,hazard rate,no,yes (meta-learning),FFNN,no,no,no,no,no,no,no,yes,no,risk BP based on SurvivalNet,https://github.com/gevaertlab/metalearning_survival,TCGA (pan-cancer datasets),9707,no,no,no,PASS,,Cox-nnet loss
Survival prediction model for right-censored data based on improved composite quantile regression neural network,https://europepmc.org/article/med/35801434,X. Qin et al.,2022,rcICQRNN,quantile regression-based,parameters of quantile regression,no,no,FFNN,no,no,no,no,no,no,no,yes,no,no,no,"METABRIC, NKI70, TCC",144 (NKI70),yes,no,no,PASS,,"they don't stress ""omics"" but use METABRIC (with genomic data, >500 features) as dataset"
Deep Semisupervised Multitask Learning Model and Its Interpretability for Survival Analysis,https://ieeexplore.ieee.org/document/9373895,S. Chi et al.,2021,SSMTL,discrete-time,custom loss,yes,yes,FFNN,no,no,yes,no,no,no,yes,no,no,FI; feature effect plots on CIC,https://github.com/LeyiChi/SSMTL,"SEER (CRC, Lung, Breast, Prostate)",28927 (Lung),no,no,censoring as unsupervised,PASS,,(logarithmic loss + semisupervised loss + ranking loss)
DeepBTS: Prediction of Recurrence-free Survival of Non-small Cell Lung Cancer Using a Time-binned Deep Neural Network,http://www.nature.com/articles/s41598-020-58722-z,B. Lee et al.,2020,su-DeepBTS,discrete-time,discrete hazard,no,???,FFNN,no,no,no,no,no,no,no,no,no,no,no,Catholic Medical Center (NSCLC),1320,no,no,semi-unsupervised,PASS,,
A deep survival analysis method based on ranking,https://www.sciencedirect.com/science/article/pii/S0933365718305992,B. Jing et al.,2019,RankDeepSurv,ranking-based,custom loss,yes,??? (no),FFNN ,no,no,no,no,no,no,no,no,no,no,https://github.com/sysucc-ailab/RankDeepSurv,"METABRIC, RGBSG, SUPPORT, WHAS",1638 (WHAS),no,no,no,PASS,,custom loss based on regression loss (quadratic diff in observed time) and ranking loss
DeepHit: A Deep Learning Approach to Survival Analysis with Competing Risks,https://ojs.aaai.org/index.php/AAAI/article/view/11842,C. Lee et al.,2018,DeepHit,discrete-time,PMF,yes,??? (multiple losses hence multiple tasks?),FFNN / RNN,no,no,yes,no,no,yes,no,no,no,no,"https://github.com/chl8856/DeepHit, https://github.com/havakv/pycox, https://github.com/RaphaelS1/survivalmodels
","METABRIC, SEER, UNOS",1981 (METABRIC),yes,no,no,PASS,"RNN architecture and TVF modeling via extension ""Dynamic-DeepHit""","extension: Dynamic-DeepHit
(log-likelihood of first hitting time loss + cause-specific ranking loss + auxiliary task prediction loss (Dynamic DeepHit only)) 
TVF via Dynamic DeepHit"
Deep Survival Machines: Fully Parametric Survival Regression and Representation Learning for Censored Data with Competing Risks,https://ieeexplore.ieee.org/document/9326348,C. Nagpal et al.,2021,DSM,parametric,(mixture) Weibull or Log-Normal loss,yes,yes,FFNN / RNN,no,no,yes,no,no,yes,yes,no,no,no,https://autonlab.org/auton-survival,"METABRIC, SEER, SUPPORT",1904 (METABRIC),no,no,no,PASS,"RNN architecture and TVF modeling via extension ""RDSM""","loss = ELBO loss term for uncensored + alpha-weighted ELBO loss term for censored + prior loss (so multiple losses)
stating that framework is amenable to left-truncation and interval-censoring
TVE: ""enable learning with time-varying risks""; TVF: via extension RDSM model
hierarchical graphical model parameterized by neural networks (FFNN); RNN (RDSM)"
SurvNet: A Novel Deep Neural Network for Lung Cancer Survival Analysis With Missing Values,https://www.frontiersin.org/article/10.3389/fonc.2020.588990,J. Wang et al.,2021,SurvNet,Cox-based,hazard rate,yes,yes,FFNN + context gating,no,no,no,no,no,no,no,no,no,no,no,"West China Hospital IB-IIA stage NSCLC dataset, SEER",1137 (NSCLC),no,no,no,PASS,,(Cox loss + survival classification loss + MSE-based incomplete-aware loss --> multitask learning!)
SALMON: Survival Analysis Learning With Multi-Omics Neural Networks on Breast Cancer,https://www.frontiersin.org/articles/10.3389/fgene.2019.00166/full,Z. Huang et al.,2019,SALMON,Cox-based,hazard rate,no,no,FFNN + eigengene modules,no,no,no,no,no,no,no,yes,no,FI,https://github.com/huangzhii/SALMON,Broad GDAC Firehose (BRCA),583,no,no,no,PASS,,
DPWTE: A Deep Learning Approach to Survival Analysis Using a Parsimonious Mixture of Weibull Distributions,https://link.springer.com/chapter/10.1007/978-3-030-86340-1_15,A. Bennis et al.,2021,DPWTE,parametric,(mixture) Weibull Loss,no,no,FFNN + SWM layers,no,no,no,no,no,no,no,no,no,no,no,"METABRIC, SEER, SUPPORT",1981 (METABRIC),no,no,no,PASS,,DeepWeiSurv loss (single loss) w/ additional regularization term wrt #mixtures
Survival Analysis For Computing Systems Using A Deep Ensemble Network,https://ieeexplore.ieee.org/document/9171987,B. Sansaengtham et al.,2020,San2020,Cox-based,hazard rate,no,no,FFNN ensemble,no,no,no,no,no,no,no,no,no,no,no,Google Cloud Cluster Dataset,21068,no,no,no,PASS,,
Countdown Regression: Sharp and Calibrated Survival Predictions,http://proceedings.mlr.press/v115/avati20a.html,Avati et al.,2020,Ava2020,parametric,parameters of log-normal distribution,no,no,flexible,no,yes,no,no,no,yes,no,no,no,no,http://github.com/stanfordmlgroup/cdr-mimic,"MIMIC III, STARR",51015 (MIMIC III),no,no,no,PASS,RNN architecture choice for handling TVF (STARR),
DeepPAMM: Deep Piecewise Exponential Additive Mixed Models for Complex Hazard Structures in Survival Analysis,https://link.springer.com/chapter/10.1007/978-3-031-05936-0_20,P. Kopper et al.,2022,DeepPAMM,PEM-based,hazard rate,no,,flexible,yes,no,yes,yes,yes,yes,yes,no,yes,classical,no,"BREAST, GBSG2, ICU, METABRIC, MGUS2, TUMOR",614 (BREAST),yes,no,no,PASS,,
MultiSurv: Long-term cancer survival prediction using multimodal deep learning,https://www.nature.com/articles/s41598-021-92799-4,L. Vale-Silva and K. Rohr,2021,MultiSurv,discrete-time,discrete hazard,no,,flexible,no,no,no,no,no,no,yes,yes,yes,no,https://github.com/luisvalesilva/multisurv,TCGA,11315,no,no,no,PASS,,"an auxiliary loss was experimented with, but no multiple losses in final version"
A scalable discrete-time survival model for neural networks,https://peerj.com/articles/6257/?ref=https%3A%2F%2Fgithubhelp.com,M. Gensheimer and B. Narasimhan,2019,Nnet-survival,discrete-time,discrete hazard,no,,flexible,no,no,no,no,no,no,yes,no,yes,no,"https://github.com/MGensheimer/nnet-survival, https://github.com/havakv/pycox, https://github.com/RaphaelS1/survivalmodels",SUPPORT,9105,yes,no,no,PASS,,"(negative log likelihood loss)
(multimodality only if employing the appropriate architecture, e.g. CNN)"
Adversarial Time-to-Event Modeling,http://proceedings.mlr.press/v80/chapfuwa18a.html,P. Chapfuwa et al.,2018,DATE,GAN-based,custom loss,yes,??? (no),GAN,no,no,no,no,no,no,no,no,no,no,https://github.com/paidamoyo/adversarial_time_to_event,"EHR, FLCHAIN, SEER, SUPPORT",7894 (FLCHAIN),no,no,no,PASS,,custom loss to learn event time distribution from which values can be drawn
DeepCompete : A deep learning approach to competing risks in continuous time domain,https://www.ncbi.nlm.nih.gov/pmc/articles/PMC8075516/,Aastha et al.,2021,DeepCompete,ODE-based,hazard rate,no,??? yes,nODE,no,no,yes,no,no,no,no,no,no,no,no,"AML, DBCD, DLBCL, Lung Cancer Dataset, NSBCD, SEER breast cancer dataset",86 (Lung Cancer Dataset),no,no,no,PASS,,"NOT discrete-time
NLL-based loss (w/ hazards computed by N-ODEs)"
A General Framework for Survival Analysis and Multi-State Modelling,http://arxiv.org/abs/2006.04893,S. Groha et al.,2021,survNode,ODE-based,hazard rate,no   ,,nODE,yes,yes,yes,yes,no,yes,no,no,yes,variational survNode,https://github.com/stefangroha/SurvNODE,"METABRIC, SUPPORT",1904 (METABRIC),yes,no,no,PASS,,"(multimodality only if employing the appropriate architecture, thru encoding of initial values)"
Individual Survival Curves with Conditional Normalizing Flows,https://ieeexplore.ieee.org/document/9564222,G. Ausset et al.,2021,Aus2021,transformation and normalizing flow-based,parameters of transformation model,yes,???,normalizing flows,no,no,no,no,no,no,no,no,no,no,https://git.sr.ht/~aussetg/nfsurvival,"METABRIC, RGBSG, SUPPORT, WHAS",1638 (WHAS),yes,no,no,PASS,,"model class: Also sie optimieren auf jeden Fall die likelihood Eq. (3) und approximieren f(t|x) und S(t|x) über ein transformationsmodell via normalizing flows. bzw. in der definition vom loss nehmen sie dann den log davon
losses: seems like multiple losses, L_u and L_c, but apparently only as regularization term in order to approximate the real distribution properly,
parametrization: parameters of generalized AFT model"
A Wide and Deep Neural Network for Survival Analysis from Anatomical Shape and Tabular Clinical Data,https://link.springer.com/chapter/10.1007/978-3-030-43823-4_37,S. Pölsterl et al.,2020,WideAndDeep,Cox-based,hazard rate,no,,PointNet,no,no,no,no,no,no,no,no,yes,classical,no,ADNI,397,no,no,no,PASS,,
"CRESA: A Deep Learning Approach to Competing Risks, Recurrent Event Survival Analysis",https://link.springer.com/chapter/10.1007/978-3-030-16145-3_9,G. Gupta et al.,2019,CRESA,discrete-time,discrete hazard,yes,???,RNN,no,no,yes,no,yes,yes,no,no,no,no,no,"MIMIC III, Engines Failure dataset (proprietary)",1301 (MIMIC III),no,no,no,PASS,,"RCIF-based loss function
RNN: LSTM 
loss-function: two components: first caters to log-likelihood of the cause-specific recurrent event survival data, taking into account the censoring of the data; second considers cause-specific ranking loss based on concordance (=DeepHit ranking loss)"
Deep Learning-Based Discrete Calibrated Survival Prediction,https://www.computer.org/csdl/proceedings-article/icdh/2022/814900a169/1G6jNaxaV3y,P. Fuhlert et al.,2022,DCS,discrete-time,survival probability,yes,no,RNN,no,no,no,no,no,no,no,no,no,no,https://github.com/imsb-uke/dcsurv,"FLCHAIN, METABRIC, SUPPORT",1904 (METABRIC),yes,no,no,PASS,,"parametrization not explicitly stated
""discrete hazard"" b/c of reference of Nnet-survival
RNN: LSTM"
DeepComp: Which Competing Event Will Hit the Patient First?,https://ieeexplore.ieee.org/document/9313333,Y. Li et al.,2020,DeepComp,discrete-time,discrete hazard,yes,yes,RNN,no  ,no   ,yes,no,no,no,no,no,no,no,no,"AF dataset, SEER",19830 (AF dataset),no,no,no,PASS,,"log-likelihood based loss for uncensored + censored
novel competing penalty"
Deep Recurrent Survival Analysis,https://ojs.aaai.org/index.php/AAAI/article/view/4407,K. Ren et al.,2019,DRSA,discrete-time,discrete hazard,yes,???,RNN,no,no,no,no,no,no,no,no,no,no,https://github.com/rk2900/drsa,"BIDDING, CLINIC, MUSIC",6036 (CLINIC),no,no,no,PASS,,"(combination of log-likelihood-based losses)
RNN: LSTM"
Estimating Calibrated Individualized Survival Curves with Deep Learning,https://doi.org/10.1609/aaai.v35i1.16098,F. Kamran and J. Wiens,2021,Kam2021,discrete-time,survival probability,yes,,RNN,no,no,no,no,no,no,no,no,no,no,https://github.com/MLD3/Calibrated-Survival-Analysis,"CLINIC, NACD",2402 (NACD),no,no,no,PASS,,"actually a (model-agnostic) training framework (a new loss), which is simply exemplified using DRSA"
RNN-SURV: A Deep Recurrent Model for Survival Analysis,https://link.springer.com/chapter/10.1007/978-3-030-01424-7_3,E. Giunchiglia et al.,2018,RNN-SURV,discrete-time,survival probability,yes,???,RNN,no,no,no,no,no,no,yes,no,no,no,no,"AIDS2, FLCHAIN, NWTCO, UNOS Transplant, UNOS Waitlist",2843 (AIDS2),no,no,no,PASS,,"discretization/intervalization w/ cross-entropy loss + upper bound of negative C-index loss;
the risk score is calculated directly from the survival probabilities, but is not separately estimated, so we can ignore the later part. Its like fitting hazards and then calculate survival prob from there.
 RNN: LSTM"
Discrete-time survival analysis in the critically ill: a deep learning approach using heterogeneous data,https://www.nature.com/articles/s41746-022-00679-6,H. Thorsen-Meyer et al.,2022,Tho2022,discrete-time,discrete hazard,no,no,RNN,no,no,no,no,no,no,no,no,yes,SHAP,https://github.com/daplaci/ICUsurvive,Danish Electronic Patient Records (Registered Access),29417,no,no,no,PASS,,"negative log likelihood loss
Due to national and EU regulations the data accessed in this paper cannot readily be shared to the wider research community. However, data can be made available for use in secure, dedicated environments via application to the Danish Patient Safety Authority (https://stps.dk/da/ansvar-og-retningslinjer/patientjournaloplysninger-tilforskning) and the Danish Health Data Authority (https://sundhedsdatastyrelsen.dk/da/english/health_data_and_registers/research_services).
RNN: LSTM"
A Deep Active Survival Analysis approach for precision treatment recommendations: Application of prostate cancer,https://www.sciencedirect.com/science/article/abs/pii/S0957417418304949,M. Nezhad et al.,2019,DASA,framework,n.a.,n.a.,n.a.,SAE,no,no,no,no,no,no,no,no,no,no,no,SEER-Medicare prostate cancer dataset,~6000,no,yes,censoring as unsupervised,PASS,,
"Survival Prediction Based on Histopathology Imaging and Clinical Data: A Novel, Whole Slide CNN Approach",https://link.springer.com/chapter/10.1007/978-3-030-87240-3_73,S. Agarwal et al.,2021,SSCNN,ranking-based,custom loss,yes,no,Siamese CNN,no,no,no,no,no,no,no,no,yes,no,no,TCGA (GBM),389,no,no,no,PASS,,"custom loss function, built directly on the outputs of the siamese NN"
Transformer-Based Deep Survival Analysis,https://proceedings.mlr.press/v146/hu21a.html,S. Hu et al.,2021,Hu2021,discrete-time,discrete hazard,yes,???,transformer,no,no,no,no,no,no,no,no,no,no,no,"METABRIC, SUPPORT",1904 (METABRIC),no,no,no,PASS,,"(entropy-based loss + discordant-pair-penalization loss);  actually the complement of the discrete hazard, 1-h, is parametrized"
SurvTRACE: Transformers for Survival Analysis with Competing Events,https://doi.org/10.1145/3535508.3545521,Z. Wang,2021,SurvTRACE,discrete-time,discrete hazard,yes,yes,transformer,no,no,no,no,no,no,no,no,no,attention maps,https://github.com/RyanWangZf/SurvTRACE,"METABRIC, SUPPORT",1904 (METABRIC),no,no,no,PASS,,"(PC-Hazard-style loss + entropy-based loss + MSE-based loss)
primarily the discrete hazard is parametrized, but there is more (auxiliary classification + regression tasks)"
Deep learning for the dynamic prediction of multivariate longitudinal and survival data,https://doi.org/10.1002/sim.9392,J. Lin and S. Luo,2022,TransformerJM,discrete-time,PMF,yes,yes,transformer,no,no,no,no,no,yes,no,no,no,no,no,"ADNI, NACC",1068,yes,no,no,PASS,,"seems like discrete time, but not explicitly stated; plus NLL loss (censoring adjusted log-loss for the survival loss);
parametrization not clearly defined, from Figure 5 looks like they predict the (conditional) PMF directly. Similar to deephit."
Deep Cox Mixtures for Survival Regression,https://proceedings.mlr.press/v149/nagpal21a,C. Nagpal et al.,2021,DCM,Cox-based,hazard rate,yes,???,VAE,no,no,no,no,no,no,no,no,no,no,"https://github.com/chiragnagpal/deep_cox_mixtures, https://autonlab.org/auton-survival","FLCHAIN, SEER, SUPPORT",6524 (FLCHAIN),no,no,no,PASS,,(extended + modified)
Improved survival analysis by learning shared genomic information from pan-cancer data,https://doi.org/10.1093/bioinformatics/btaa462,S. Kim et al.,2020,VAECox,Cox-based,hazard rate,yes,???,VAE + transfer learning,no,no,no,no,no,no,no,yes,no,no,https://github.com/SunkyuKim/VAECox,"TCGA (BLCA, BRCA, HNSC, KIRC, LGG, LIHC, LUAD, LUSC, OV, STAD, CESC, COAD, GBM, KIRP, LAML, PAAD, PRAD, SKCM, THCA, UCEC)",9127 (combined for pre-training),no,no,no,PASS,,multiple losses b/c RMSE + KLD loss for VAE part (pretraining/encoding) and Cox loss for survival part (fine-tuning)